Chain Name,Hash,Status,Action,Token,Value,From,From Info,To,To Info
Base,0x0xfb63450ec9cb76b4365172e8f76bd5f117b7706510eaeecb9d5ba4906c8a9230,Success,Transfer,eth,,0x334cb7d700bc02fcdbf6219a5ae23d5b47334bb0,Address,0x833589fcd6edb6e08f4c7c32d4f71b54bda02913,Circle: USDC Token
Base,0x0x45b37a05370246dcb959c29e0bd610f101f32ec7ce12e8406d6580ee5ebc212a,Success,Transfer,eth,,0xf7c21f0ea2cd7161d55f1d9c54d955a696c09837,Address,0x833589fcd6edb6e08f4c7c32d4f71b54bda02913,Circle: USDC Token
Base,0x0x538ca46fd359bd6cb58fe7e69447e8987b0f0e5003d6d7086738270a8ba96c12,Success,Transfer,eth,,0xd06371dbf1ad8ec5612d192a134797a2d1d02d09,Address,0x833589fcd6edb6e08f4c7c32d4f71b54bda02913,Circle: USDC Token
Base,0x0xb7befefac9ffe8d981bee43780ccb0998f196bcfbb485798291c4b041a862ba0,Success,Approve,eth,,0xaa1d27b89a6aae2d9390e4bbb27e80436cfa39c1,Address,0x833589fcd6edb6e08f4c7c32d4f71b54bda02913,Circle: USDC Token
Base,0x0x8aca9742c4de1ad49d2001010ce537afe60b16aef41b22b003448e127c84d49d,Success,Approve,eth,,0xc8f81598ef59cf1d2beef19f7f6f1991ac619883,Address,0x833589fcd6edb6e08f4c7c32d4f71b54bda02913,Circle: USDC Token
Base,0x0x05d66d315e2eeb7e72ac94d63ec854b3133d40ba9906f5a0e802745a8054d762,Success,Transfer,eth,,0xf70da97812cb96acdf810712aa562db8dfa3dbef,Address,0x833589fcd6edb6e08f4c7c32d4f71b54bda02913,Circle: USDC Token
Base,0x0x40d2b787b52d0eac332cd5f65f7428bcf7cbe970449e01979751dc0c64b0bbf2,Success,Transfer,eth,,0xe93417d7ab7ec87ce16bf8572a0bb905818790fe,Address,0x833589fcd6edb6e08f4c7c32d4f71b54bda02913,Circle: USDC Token
Base,0x0xd6cce57f47021938dfa8033909d81fd15e0c0aead8317abae0a67aca3cb3febd,Success,Transfer,eth,,0xdbfcfa6a97d37cb27fdec88c61de00bd38f590d3,Address,0x833589fcd6edb6e08f4c7c32d4f71b54bda02913,Circle: USDC Token
Base,0x0xf3e3a5aa7b046fcb5352967d8e0911d872d05e6e460db1d43dd34109d6ce4d48,Success,Transfer,eth,,0x61ec53b415434a1d6f3c475c44c4a618db0f8d53,Address,0x833589fcd6edb6e08f4c7c32d4f71b54bda02913,Circle: USDC Token
Base,0x0xd7bf90441783e64e71e7286521a57fb018237db42967bd68af93a7f06cb6955a,Success,Approve,eth,,0xb038dffd8d777c91e1216e85ca23fae2221ed958,Address,0x833589fcd6edb6e08f4c7c32d4f71b54bda02913,Circle: USDC Token
